Name,Company,Address,Email,Phone
Leah Friedman,Mcintyre LLC,"211 Hahn Valleys Suite 737
New Meredith, MD 22797",leah.friedman@mcintyre-llc.com,001-868-705-6070x6670
Deborah Ramirez,Davila Ltd,"USCGC Pineda
FPO AE 25315",deborah.ramirez@davila-ltd.com,085.598.9588
Geoffrey Liu,"Peck, Duran and Humphrey","471 Burch Shoal Apt. 527
Tatemouth, KY 89832",geoffrey.liu@peck-duran-and-humphrey.com,818-315-8859x84563
George Ellison,Lindsey-Pena,"PSC 7635, Box 8500
APO AP 29027",george.ellison@lindsey-pena.com,+1-882-907-9477x694
Jamie George,Suarez Group,"3516 Short Islands
Calvinburgh, VA 11398",jamie.george@suarez-group.com,424-584-2234x08907
Kristen Brewer,"Reynolds, Ewing and Morrison","706 Aaron Road Apt. 292
East Penny, NY 12208",kristen.brewer@reynolds-ewing-and-morrison.com,572.921.1185x29294
Stephen Underwood,Vang-Elliott,"111 Heidi Gateway
East Gabriella, GA 87603",stephen.underwood@vang-elliott.com,+1-064-097-7175x260
Marie Farley,Cross LLC,"91988 Devon Greens
Alvinstad, LA 53678",marie.farley@cross-llc.com,726-577-7671x93956
Mikayla Boyle,Mclean-Tucker,"86670 Mike Oval Apt. 292
West Alejandro, IL 68404",mikayla.boyle@mclean-tucker.com,150-538-4302x988
Walter Golden,Kemp-Burnett,"1315 Salinas Lane Apt. 412
South Mauricefurt, VT 06035",walter.golden@kemp-burnett.com,+1-291-827-1841
Cheryl Manning,Cortez Inc,"42625 Mcknight Course
East Paige, CA 45331",cheryl.manning@cortez-inc.com,(056)147-4254
Devon Beck,Bennett-Simmons,"41409 Robin Isle Apt. 102
Strongton, VT 77741",devon.beck@bennett-simmons.com,001-199-139-4987x0382
Charles Butler,Sosa and Sons,"11081 Stafford Summit
Conniebury, KS 39012",charles.butler@sosa-and-sons.com,+1-928-589-4271x4403
Jeanette Stanton,"Lester, Castro and Flores","458 Theresa Ways
Roymouth, NH 63411",jeanette.stanton@lester-castro-and-flores.com,(366)388-1244
Rick Horn,Baker-Austin,"673 Bautista Fall Apt. 887
Kennethchester, NM 72366",rick.horn@baker-austin.com,001-416-141-7394x5579
Jillian Wheeler,Ray-Cardenas,"50887 Andrade Track
South Kiarafort, LA 92952",jillian.wheeler@ray-cardenas.com,(417)431-9797x4153
Makayla Atkinson,"Hess, Solis and Andrews","51940 Perez Gardens
Carlport, UT 44508",makayla.atkinson@hess-solis-and-andrews.com,(133)197-3811x66915
Edwin Cochran,Hensley-Barr,"195 Neil Vista
South Abigailchester, KY 72797",edwin.cochran@hensley-barr.com,(060)480-9845x34891
Brenda Vega,"Combs, Riddle and Willis","5217 Holder Hills Apt. 027
South Jimview, IA 44738",brenda.vega@combs-riddle-and-willis.com,658-261-4397x26607
Ernest Mcconnell,Downs-Fernandez,"822 Garrett Light Suite 791
North Beth, KS 46928",ernest.mcconnell@downs-fernandez.com,(697)491-3787
Mckenzie Mack,Chandler-Roman,"34706 Max Trafficway Suite 320
Shirleyview, AZ 88495",mckenzie.mack@chandler-roman.com,(767)273-2081x7668
Andres Griffin,"Melton, Fowler and Salinas","5475 Charlotte Fields
East Amber, KY 24627",andres.griffin@melton-fowler-and-salinas.com,468-973-5355
Bonnie Warner,Holmes Inc,"PSC 1318, Box 9074
APO AE 09571",bonnie.warner@holmes-inc.com,986-313-7181x9570
Stephanie Walter,Wiley LLC,"83661 Victoria Corner Suite 487
East Zacharyberg, OK 22556",stephanie.walter@wiley-llc.com,950.124.0322
Adriana Krause,"Calhoun, Hogan and Kramer","Unit 7549 Box 2352
DPO AE 02223",adriana.krause@calhoun-hogan-and-kramer.com,619.292.5546x3825
Olivia Miles,"Turner, Whitehead and Washington","142 Wright Court Apt. 983
Kellyfurt, TX 60723",olivia.miles@turner-whitehead-and-washington.com,3022218314
Earl Charles,Heath and Sons,"38240 Cuevas Oval Apt. 053
East Curtis, DC 91611",earl.charles@heath-and-sons.com,307-216-7051
Herbert York,Fitzgerald Ltd,"3510 Maureen Trace Apt. 063
Fowlermouth, OH 81758",herbert.york@fitzgerald-ltd.com,5073488551
Scott Mcmahon,"Hays, Landry and Briggs","9291 Karen Turnpike Apt. 371
East Sandy, WV 83324",scott.mcmahon@hays-landry-and-briggs.com,001-648-367-5936x178
Krista Burton,Powers-Acevedo,"6514 Damon Fields
East Tracyview, FL 35911",krista.burton@powers-acevedo.com,001-612-192-5032
Jasmine Benson,"Newman, Nelson and Stark","99272 Thornton Via Suite 366
Schmidtside, NM 09554",jasmine.benson@newman-nelson-and-stark.com,064.383.6738
Maurice Orr,Elliott-Blake,"35369 Lucas Tunnel
Mcgeeshire, OK 72951",maurice.orr@elliott-blake.com,+1-422-838-8467
Abigail Reid,"Buck, Richard and Anderson","870 Christina Well
West Eddie, DE 03129",abigail.reid@buck-richard-and-anderson.com,509-001-1150
Jane Pugh,"Nielsen, Madden and Guerrero","9745 Lynn Run
Albertville, AR 03172",jane.pugh@nielsen-madden-and-guerrero.com,306.315.8814x8434
Kirsten Adkins,"Logan, Fuentes and Riley","2112 Beard Road Suite 460
North Dennis, WV 87538",kirsten.adkins@logan-fuentes-and-riley.com,(393)255-4758x53531
Meghan Reed,Singh Ltd,"04642 Patrick Flats Suite 797
Erikfort, AL 50588",meghan.reed@singh-ltd.com,750.990.5942x684
Terrence Young,"Riddle, Snyder and Miranda","043 Norton Loop
Averyhaven, MO 50514",terrence.young@riddle-snyder-and-miranda.com,820.188.7113x38049
Krystal Barr,Bell-Lyons,"2802 Seth Ferry Apt. 456
Port Traciside, TN 02498",krystal.barr@bell-lyons.com,5599714129
Christie Mckenzie,"Hoover, Benton and Dougherty","865 Dave Street Apt. 311
Cummingsmouth, KY 59251",christie.mckenzie@hoover-benton-and-dougherty.com,5839801202
Robin Murphy,"Delacruz, Melton and Valenzuela","0202 Wallace Squares
Davenportmouth, NM 13266",robin.murphy@delacruz-melton-and-valenzuela.com,+1-530-106-0591
Philip Duncan,Daniel-Crane,"161 Watson Pike
Chaseburgh, NE 39945",philip.duncan@daniel-crane.com,(649)325-5779
Levi Booker,Santos-Reyes,"PSC 9408, Box 0579
APO AA 95090",levi.booker@santos-reyes.com,515.968.4462x56695
Bridget Hodge,Casey-Lopez,"34654 Gates Lodge Apt. 966
Wayneshire, ME 83764",bridget.hodge@casey-lopez.com,+1-362-278-5107
Chris Griffith,May Ltd,"45164 Ariana Haven
Dunlapview, AR 99284",chris.griffith@may-ltd.com,(872)424-5977
Lydia Mcdowell,"Salinas, Greene and Hanson","12193 Vincent Shoals Apt. 074
Port Alisha, WI 21353",lydia.mcdowell@salinas-greene-and-hanson.com,865-913-9469
Dominique Mckinney,Atkinson-Steele,"54396 Franco Avenue Apt. 831
Brownton, TN 79512",dominique.mckinney@atkinson-steele.com,001-063-946-4778x4865
Rodney Cowan,"Stanton, Brady and Beck","929 Pamela Orchard
Lake Reginald, TX 22494",rodney.cowan@stanton-brady-and-beck.com,4501493543
Angel Knapp,Gray Group,"810 Brandy Camp
Maxwellbury, NJ 37300",angel.knapp@gray-group.com,195-016-0275
Brett Pittman,Charles-Huang,"85577 Abigail Tunnel
North Albertbury, LA 80523",brett.pittman@charles-huang.com,111.227.7638
Roberto Howell,"Smith, Lawson and Hurst","1853 Darrell Prairie
Harrisonstad, WA 65264",roberto.howell@smith-lawson-and-hurst.com,489.565.8840
Maxwell Lara,Galvan Group,"USCGC Graves
FPO AA 77467",maxwell.lara@galvan-group.com,(535)209-7036
Tiffany Stokes,Shah-Obrien,"10285 Larsen Mountain Suite 117
Emilystad, LA 05134",tiffany.stokes@shah-obrien.com,+1-265-245-4953x6270
Katherine Morris,"Mcclain, Barry and Reynolds","9960 Benitez Corners
East Cassidy, WA 37542",katherine.morris@mcclain-barry-and-reynolds.com,+1-003-334-8913x069
Anthony Rodriguez,Rush-Huerta,"531 Devin Expressway
Kleinport, LA 59143",anthony.rodriguez@rush-huerta.com,(837)036-0908x562
Kari Curry,Haas and Sons,"34592 Collin Wall Apt. 967
Kariview, IL 69587",kari.curry@haas-and-sons.com,026-898-3115
Darren Chavez,Newton-Russo,"689 Gonzales Neck Suite 066
Sergioland, WI 73719",darren.chavez@newton-russo.com,340.744.5000x540
Claire Scott,"Martinez, Butler and Matthews","588 Palmer Stream Apt. 088
East Zoe, OR 83446",claire.scott@martinez-butler-and-matthews.com,+1-168-281-7282
Tricia Rubio,"Riley, Mitchell and Miller","98444 Spencer Drives Suite 942
East Alexandra, KY 64120",tricia.rubio@riley-mitchell-and-miller.com,516.735.0555x01575
Amy Pham,Bender-Harper,"414 Reeves Ridge Suite 418
Cooperport, ND 73465",amy.pham@bender-harper.com,(878)643-3888x20705
Julie Macias,"Navarro, Rasmussen and Luna","78020 Carpenter Oval
South Jeffreychester, NJ 63804",julie.macias@navarro-rasmussen-and-luna.com,297-557-6348
Jason Espinoza,"Washington, Garner and Richardson","243 Mccann Crossroad Suite 189
Port Jeanette, ME 64118",jason.espinoza@washington-garner-and-richardson.com,872-651-6228x549
Alex Mercado,"Paul, Carrillo and Compton","661 Christian Ridges
Virginiaburgh, DC 06374",alex.mercado@paul-carrillo-and-compton.com,+1-006-638-8112x61229
Caitlin Lyons,"Decker, Yang and Kelley","742 Vincent Haven Apt. 939
New Becky, MN 61005",caitlin.lyons@decker-yang-and-kelley.com,+1-658-734-6068
Mackenzie Ortega,Terrell LLC,"85176 Mullins Forest
Holdenport, OK 62166",mackenzie.ortega@terrell-llc.com,(100)279-3268x15562
Johnathan Christensen,Russell Ltd,"548 Fry Union Apt. 186
Wandaland, ME 74109",johnathan.christensen@russell-ltd.com,325.318.6460x625
Harry Lutz,"Steele, Hart and King","Unit 8007 Box 5808
DPO AP 27542",harry.lutz@steele-hart-and-king.com,5587966814
Carlos Fry,"Mcclain, Goodwin and Macdonald","637 Marco Spurs Suite 937
East Jordanside, MI 88343",carlos.fry@mcclain-goodwin-and-macdonald.com,(724)010-9601
Hector English,Massey-Gentry,"USNS Hancock
FPO AA 97758",hector.english@massey-gentry.com,+1-038-354-3406x027
Garrett Jones,Cummings-Herman,"28775 Gene Gateway Suite 228
Gardnerfurt, ME 78856",garrett.jones@cummings-herman.com,2456377640
Kelli Byrd,"Perry, Mooney and Wallace","2900 Hayden Trafficway Apt. 453
East Sandrachester, WI 21619",kelli.byrd@perry-mooney-and-wallace.com,+1-339-143-2212x957
Cristina Horton,Dougherty PLC,"268 Jermaine Circles
Port Doris, DC 61162",cristina.horton@dougherty-plc.com,+1-382-834-3612x28975
Molly Oneal,Yoder Inc,"5596 Clinton Loaf Apt. 908
Lake Kevinstad, OR 36171",molly.oneal@yoder-inc.com,(908)557-0654x481
Dorothy Shepard,"Padilla, Coleman and Benjamin","46556 Renee Lane Suite 382
Mccallborough, NM 48618",dorothy.shepard@padilla-coleman-and-benjamin.com,335-593-4189
Tabitha Patton,"Hale, Ward and Holloway","6270 Bishop Meadows
Brianachester, ND 24990",tabitha.patton@hale-ward-and-holloway.com,3193407704
Louis Roth,Malone-Barker,"7036 Henson Shoal
South Douglas, CA 22590",louis.roth@malone-barker.com,1926897373
Kristin Vang,Woods-Potts,"Unit 8633 Box 6773
DPO AP 71737",kristin.vang@woods-potts.com,799-293-4881
Audrey Guerra,"Foster, Underwood and Krause","029 Byrd Courts
East Cristianbury, TX 40188",audrey.guerra@foster-underwood-and-krause.com,+1-950-904-1983x728
Raymond Hurst,Herman-Fields,"6600 Jason Harbors Apt. 672
North Zachary, WV 24619",raymond.hurst@herman-fields.com,064.887.0854x1047
James Cruz,Shaw-Schneider,"336 Leblanc Drive Apt. 003
Calhounburgh, FL 31756",james.cruz@shaw-schneider.com,944.559.9786
Kellie Osborne,Fuller-Brady,"Unit 2232 Box 5654
DPO AA 69451",kellie.osborne@fuller-brady.com,+1-449-068-6218
Melanie Maxwell,Bailey-Grimes,"1435 Le Junctions Apt. 464
Angelamouth, AK 39272",melanie.maxwell@bailey-grimes.com,437.723.1882x27299
Rebecca House,"Key, Hodges and Swanson","54694 Arnold Forge
South Cindyhaven, MD 75075",rebecca.house@key-hodges-and-swanson.com,+1-418-925-4985x0295
Karina Chambers,"Hodge, Vincent and Leach","32218 Gibbs Gardens Suite 286
Lunafurt, WA 70580",karina.chambers@hodge-vincent-and-leach.com,120-612-4987x76319
Joy Santos,"Mason, Fletcher and Hendricks","1950 Angie Skyway Apt. 071
South Wendyfurt, KY 55692",joy.santos@mason-fletcher-and-hendricks.com,+1-677-414-0605x7814
Gregory Anthony,Madden Group,"8352 Wood Locks
Tommyview, WA 04081",gregory.anthony@madden-group.com,349.735.0338x0996
Lee Glass,Richards PLC,"12888 David Tunnel
New Isaac, OK 51963",lee.glass@richards-plc.com,3513923053
Belinda Mills,Harper-Frederick,"28309 Chloe Underpass Suite 461
North Tracistad, RI 53576",belinda.mills@harper-frederick.com,291.882.8264x40796
Latoya Terrell,Trevino Ltd,"5818 Mejia Squares
East Terrance, MN 39582",latoya.terrell@trevino-ltd.com,(142)800-4723
Frances Crane,Young PLC,"56622 Hunter Gateway Suite 531
New Shawnmouth, TN 98529",frances.crane@young-plc.com,+1-761-605-3297x0113
Alejandro Shea,"Fernandez, Franklin and Wilcox","6282 Lam Field Suite 584
South Teresa, UT 62369",alejandro.shea@fernandez-franklin-and-wilcox.com,2230976508
Sophia Mcclure,Sandoval Inc,"9699 Davies Fork
New Chelsey, KY 60653",sophia.mcclure@sandoval-inc.com,+1-612-274-1359x8294
Shannon Levine,Brewer-Shields,"7536 Stacie Spur Apt. 695
East Alexandraborough, OR 89295",shannon.levine@brewer-shields.com,470.015.4431x399
Rachael Holder,Odonnell-Holden,"2624 Black Keys
West Helen, MS 78986",rachael.holder@odonnell-holden.com,001-961-531-7908
Hannah Hogan,Howe-Goodwin,"31369 Valencia Ford Suite 634
West Eugeneland, MS 59719",hannah.hogan@howe-goodwin.com,2751674743
Christy Montoya,Hurley-Hunter,"57838 Charlene Way
East Margaret, VA 22083",christy.montoya@hurley-hunter.com,372-789-9219x530
Angela Madden,"Estes, Neal and Lloyd","913 Smith Wells Apt. 864
Santiagoport, MT 88642",angela.madden@estes-neal-and-lloyd.com,001-562-706-2426
Sonya Jacobs,"Ferrell, Woodward and Cowan","184 Colleen Knoll
Port Chasemouth, TN 08312",sonya.jacobs@ferrell-woodward-and-cowan.com,(789)216-0556x47699
Gabrielle Elliott,"Jimenez, Stein and Freeman","129 Jermaine Wells Apt. 715
Hahnstad, SC 10609",gabrielle.elliott@jimenez-stein-and-freeman.com,001-823-447-0398
Sabrina Lozano,"Ewing, Gould and Luna","USS Watkins
FPO AA 89469",sabrina.lozano@ewing-gould-and-luna.com,001-531-051-9840x098
Ana Barron,Carney-Berry,"1238 Brittney Trace Suite 547
East Cory, NJ 35195",ana.barron@carney-berry.com,001-375-668-4533x339
